{
  "version": 1,
  "author": "DrMikeB",
  "editor": "wokwi",
  "parts": [
    {
      "type": "board-esp32-devkit-c-v4",
      "id": "esp",
      "top": -23.51,
      "left": -5.03,
      "attrs": { "builder": "esp-idf" }
    },
    {
      "type": "wokwi-led",
      "id": "ledGreen",
      "top": 44.4,
      "left": 167,
      "attrs": { "color": "green", "flip": "1" }
    },
    {
      "type": "wokwi-led",
      "id": "ledRed",
      "top": 82.8,
      "left": 167,
      "attrs": { "color": "red", "flip": "1" }
    },
    { "type": "wokwi-slide-potentiometer", "id": "pot", "top": 53, "left": -202.6, "attrs": {} },
    {
      "type": "wokwi-pushbutton",
      "id": "button",
      "top": 25.4,
      "left": 105.6,
      "attrs": { "color": "red", "bounce": "1", "xray": "1" }
    },
    {
      "type": "wokwi-resistor",
      "id": "r1",
      "top": 81.05,
      "left": 113.8,
      "rotate": 180,
      "attrs": { "value": "220" }
    },
    {
      "type": "wokwi-resistor",
      "id": "r2",
      "top": 119.45,
      "left": 113.8,
      "rotate": 180,
      "attrs": { "value": "220" }
    }
  ],
  "connections": [
    [ "esp:TX", "$serialMonitor:RX", "", [] ],
    [ "esp:RX", "$serialMonitor:TX", "", [] ],
    [ "esp:5", "r1:2", "green", [ "h0" ] ],
    [ "esp:4", "r2:2", "green", [ "h0" ] ],
    [ "pot:GND", "esp:GND.1", "black", [ "v0" ] ],
    [ "esp:3V3", "pot:VCC", "green", [ "h0" ] ],
    [ "pot:SIG", "esp:34", "green", [ "h0" ] ],
    [ "button:2.r", "esp:18", "green", [ "h0.2", "v19.4", "h-67.2", "v9.6" ] ],
    [ "ledRed:A", "r2:1", "green", [ "v0" ] ],
    [ "ledRed:C", "esp:GND.2", "green", [ "v0", "h9.6", "v-124.8" ] ],
    [ "ledGreen:A", "r1:1", "green", [ "v0" ] ],
    [ "ledGreen:C", "esp:GND.2", "green", [ "v0" ] ],
    [ "button:1.l", "esp:GND.2", "green", [ "h0" ] ]
  ],
  "dependencies": {}
}